SUMMARY OUTPUT,,,,,,,,,,
,,,,,,,,,,
Regression Statistics,,,,,,,,,,
Multiple R,0.620471461,,,,,,,,,
R Square,0.384984834,,,,,,,,,
Adjusted R Square,0.378702046,,,,,,,,,
Standard Error,0.383544122,,,,,,,,,
Observations,891,,,,,,,,,
,,,,,,,,,,
ANOVA,,,,,,,,,,
,df,SS,MS,F,Significance F,,,,,
Regression,9,81.12680409,9.014089343,61.27611107,5.68435E-87,,,,,
Residual,881,129.6004686,0.147106094,,,,,,,
Total,890,210.7272727,,,,,,,,
,,,,,,,,,,
,Coefficients,Standard Error,t Stat,P-value,Lower 95%,Upper 95%,Lower 95.0%,Upper 95.0%,,
Intercept,0.743767461,0.279949037,2.656795928,0.008031433,0.194322593,1.293212329,0.194322593,1.293212329,,
class,-0.156861983,0.020366966,-7.7017844,3.60429E-14,-0.196835419,-0.116888546,-0.196835419,-0.116888546,,
sex,0.515673441,0.028478154,18.10768529,1.521E-62,0.459780499,0.571566383,0.459780499,0.571566383,,
age,-0.002576042,0.000816379,-3.155447184,0.001656933,-0.004178317,-0.000973767,-0.004178317,-0.000973767,,
sibsp,-0.037444869,0.013237585,-2.828678235,0.00478016,-0.063425753,-0.011463986,-0.063425753,-0.011463986,,
parac,-0.007602516,0.018382021,-0.413584354,0.679279187,-0.043680179,0.028475146,-0.043680179,0.028475146,,
fare,0.00032779,0.000332201,0.986721937,0.32404988,-0.000324207,0.000979787,-0.000324207,0.000979787,,
S,-0.119675555,0.273505713,-0.437561447,0.661811468,-0.656474368,0.417123257,-0.656474368,0.417123257,,
C,-0.059264008,0.274171329,-0.21615684,0.828915532,-0.597369199,0.478841183,-0.597369199,0.478841183,,
Q,-0.099633355,0.277516271,-0.359018065,0.719667598,-0.64430353,0.44503682,-0.64430353,0.44503682,,
,,,,,,,,,,
,,,,,,,,,,
,,,,,,,,,,
RESIDUAL OUTPUT,,,,PROBABILITY OUTPUT,,,,,,
,,,,,,,,,,704
Observation,Predicted survived,Residuals,,Percentile,survived,,,,,
1,0.06176464,-0.06176464,,0.056116723,0,,0,0,,1
2,0.931346381,0.068653619,,0.168350168,0,,1,1,,1
3,0.604800041,0.395199959,,0.280583614,0,,1,1,,1
4,0.872702661,0.127297339,,0.392817059,0,,1,1,,1
5,0.065983196,-0.065983196,,0.505050505,0,,0,0,,1
6,0.176320702,-0.176320702,,0.617283951,0,,0,0,,1
7,0.345123652,-0.345123652,,0.729517396,0,,0,0,,1
8,0.035324918,-0.035324918,,0.841750842,0,,0,0,,1
9,0.588070615,0.411929385,,0.953984287,0,,1,1,,1
10,0.822800371,0.177199629,,1.066217733,0,,1,1,,1
11,0.619301934,0.380698066,,1.178451178,0,,1,1,,1
12,0.842195748,0.157804252,,1.290684624,0,,1,1,,1
13,0.104623825,-0.104623825,,1.40291807,0,,0,0,,1
14,-0.012165505,0.012165505,,1.515151515,0,,0,0,,1
15,0.635689337,-0.635689337,,1.627384961,0,,0,1,,0
16,0.689603709,0.310396291,,1.739618406,0,,1,1,,1
17,0.020560956,-0.020560956,,1.851851852,0,,0,0,,1
18,0.314629207,0.685370793,,1.964085297,0,,1,0,,0
19,0.557777444,-0.557777444,,2.076318743,0,,0,1,,0
20,0.731959227,0.268040773,,2.188552189,0,,1,1,,1
21,0.228729004,-0.228729004,,2.300785634,0,,0,0,,1
22,0.22704378,0.77295622,,2.41301908,0,,1,0,,0
23,0.653212859,0.346787141,,2.525252525,0,,1,1,,1
24,0.406737283,0.593262717,,2.637485971,0,,1,0,,0
25,0.535542107,-0.535542107,,2.749719416,0,,0,1,,0
26,0.506120854,0.493879146,,2.861952862,0,,1,1,,1
27,0.216285785,-0.216285785,,2.974186308,0,,0,0,,1
28,0.376954184,-0.376954184,,3.086419753,0,,0,0,,1
29,0.69180432,0.30819568,,3.198653199,0,,1,1,,1
30,0.156094119,-0.156094119,,3.310886644,0,,0,0,,1
31,0.433686385,-0.433686385,,3.42312009,0,,0,0,,1
32,1.053898055,-0.053898055,,3.535353535,0,,1,1,,1
33,0.69176197,0.30823803,,3.647586981,0,,1,1,,1
34,0.143790963,-0.143790963,,3.759820426,0,,0,0,,1
35,0.44500217,-0.44500217,,3.872053872,0,,0,0,,1
36,0.338636357,-0.338636357,,3.984287318,0,,0,0,,1
37,0.216287162,0.783712838,,4.096520763,0,,1,0,,0
38,0.102047783,-0.102047783,,4.208754209,0,,0,0,,1
39,0.55382112,-0.55382112,,4.320987654,0,,0,1,,0
40,0.659766403,0.340233597,,4.4332211,0,,1,1,,1
41,0.531798659,-0.531798659,,4.545454545,0,,0,1,,0
42,0.725926963,-0.725926963,,4.657687991,0,,0,1,,0
43,0.216505667,-0.216505667,,4.769921437,0,,0,0,,1
44,0.839704136,0.160295864,,4.882154882,0,,1,1,,1
45,0.642859523,0.357140477,,4.994388328,0,,1,1,,1
46,0.156144665,-0.156144665,,5.106621773,0,,0,0,,1
47,0.141184029,-0.141184029,,5.218855219,0,,0,0,,1
48,0.69176197,0.30823803,,5.331088664,0,,1,1,,1
49,0.146133985,-0.146133985,,5.44332211,0,,0,0,,1
50,0.591200431,-0.591200431,,5.555555556,0,,0,1,,0
51,-0.008899175,0.008899175,,5.667789001,0,,0,0,,1
52,0.101965836,-0.101965836,,5.780022447,0,,0,0,,1
53,0.90479503,0.09520497,,5.892255892,0,,1,1,,1
54,0.722413828,0.277586172,,6.004489338,0,,1,1,,1
55,0.372912372,-0.372912372,,6.116722783,0,,0,0,,1
56,0.478866458,0.521133542,,6.228956229,0,,1,0,,0
57,0.775386292,0.224613708,,6.341189675,0,,1,1,,1
58,0.142869966,-0.142869966,,6.45342312,0,,0,0,,1
59,0.769607435,0.230392565,,6.565656566,0,,1,1,,1
60,-0.061886545,0.061886545,,6.677890011,0,,0,0,,1
61,0.159614239,-0.159614239,,6.790123457,0,,0,0,,1
62,1.030912504,-0.030912504,,6.902356902,0,,1,1,,1
63,0.341225413,-0.341225413,,7.014590348,0,,0,0,,1
64,0.024807482,-0.024807482,,7.126823793,0,,0,0,,1
65,0.536728064,-0.536728064,,7.239057239,0,,0,1,,0
66,0.173867536,0.826132464,,7.351290685,0,,1,0,,0
67,0.754777957,0.245222043,,7.46352413,0,,1,1,,1
68,0.107235367,-0.107235367,,7.575757576,0,,0,0,,1
69,0.462999909,0.537000091,,7.687991021,0,,1,0,,0
70,0.014478606,-0.014478606,,7.800224467,0,,0,0,,1
71,0.23137639,-0.23137639,,7.912457912,0,,0,0,,1
72,0.440906686,-0.440906686,,8.024691358,0,,0,0,,1
73,0.280363604,-0.280363604,,8.136924804,0,,0,0,,1
74,0.114233482,-0.114233482,,8.249158249,0,,0,0,,1
75,0.089591358,0.910408642,,8.361391695,0,,1,0,,0
76,0.0916125,-0.0916125,,8.47362514,0,,0,0,,1
77,0.156094119,-0.156094119,,8.585858586,0,,0,0,,1
78,0.156144665,-0.156144665,,8.698092031,0,,0,0,,1
79,0.302530695,0.697469305,,8.810325477,0,,1,0,,0
80,0.595987317,0.404012683,,8.922558923,0,,1,1,,1
81,0.099783142,-0.099783142,,9.034792368,0,,0,0,,1
82,0.081914743,0.918085257,,9.147025814,0,,1,0,,0
83,0.691774262,0.308225738,,9.259259259,0,,1,1,,1
84,0.410539644,-0.410539644,,9.371492705,0,,0,0,,1
85,0.78569046,0.21430954,,9.48372615,0,,1,1,,1
86,0.477030873,0.522969127,,9.595959596,0,,1,0,,0
87,0.06330464,-0.06330464,,9.708193042,0,,0,0,,1
88,0.156144665,-0.156144665,,9.820426487,0,,0,0,,1
89,0.882323457,0.117676543,,9.932659933,0,,1,1,,1
90,0.094319658,-0.094319658,,10.04489338,0,,0,0,,1
91,0.081439448,-0.081439448,,10.15712682,0,,0,0,,1
92,0.104559644,-0.104559644,,10.26936027,0,,0,0,,1
93,0.33133966,-0.33133966,,10.38159371,0,,0,0,,1
94,0.040623238,-0.040623238,,10.49382716,0,,0,0,,1
95,0.003895957,-0.003895957,,10.60606061,0,,0,0,,1
96,0.156144665,-0.156144665,,10.71829405,0,,0,0,,1
97,0.356101782,-0.356101782,,10.8305275,0,,0,0,,1
98,0.481558189,0.518441811,,10.94276094,0,,1,0,,0
99,0.738392602,0.261607398,,11.05499439,0,,1,1,,1
100,0.193860177,-0.193860177,,11.16722783,0,,0,0,,1
101,0.599638386,-0.599638386,,11.27946128,0,,0,1,,0
102,0.156094119,-0.156094119,,11.39169473,0,,0,0,,1
103,0.430864574,-0.430864574,,11.50392817,0,,0,0,,1
104,0.071333331,-0.071333331,,11.61616162,0,,0,0,,1
105,-0.0140996,0.0140996,,11.72839506,0,,0,0,,1
106,0.083964945,-0.083964945,,11.84062851,0,,0,0,,1
107,0.617590109,0.382409891,,11.95286195,0,,1,1,,1
108,0.156054522,0.843945478,,12.0650954,0,,1,0,,0
109,0.058204525,-0.058204525,,12.17732884,0,,0,0,,1
110,0.659692852,0.340307148,,12.28956229,0,,1,1,,1
111,0.363201017,-0.363201017,,12.40179574,0,,0,0,,1
112,0.659531406,-0.659531406,,12.51402918,0,,0,1,,0
113,0.099471742,-0.099471742,,12.62626263,0,,0,0,,1
114,0.583434224,-0.583434224,,12.73849607,0,,0,1,,0
115,0.690537515,-0.690537515,,12.85072952,0,,0,1,,0
116,0.10200681,-0.10200681,,12.96296296,0,,0,0,,1
117,-0.00552243,0.00552243,,13.07519641,0,,0,0,,1
118,0.205101438,-0.205101438,,13.18742985,0,,0,0,,1
119,0.539348723,-0.539348723,,13.2996633,0,,0,1,,0
120,0.509294429,-0.509294429,,13.41189675,0,,0,1,,0
121,0.205473865,-0.205473865,,13.52413019,0,,0,0,,1
122,0.156144665,-0.156144665,,13.63636364,0,,0,0,,1
123,0.259470154,-0.259470154,,13.74859708,0,,0,0,,1
124,0.746581284,0.253418716,,13.86083053,0,,1,1,,1
125,0.34585519,-0.34585519,,13.97306397,0,,0,0,,1
126,0.149245045,0.850754955,,14.08529742,0,,1,0,,0
127,0.176088528,-0.176088528,,14.19753086,0,,0,0,,1
128,0.094021926,0.905978074,,14.30976431,0,,1,0,,0
129,0.691872381,0.308127619,,14.42199776,0,,1,1,,1
130,0.039870402,-0.039870402,,14.5342312,0,,0,0,,1
131,0.131496282,-0.131496282,,14.64646465,0,,0,0,,1
132,0.104296036,-0.104296036,,14.75869809,0,,0,0,,1
133,0.515413508,-0.515413508,,14.87093154,0,,0,1,,0
134,0.722413828,0.277586172,,14.98316498,0,,1,1,,1
135,0.250228158,-0.250228158,,15.09539843,0,,0,0,,1
136,0.316462381,-0.316462381,,15.20763187,0,,0,0,,1
137,0.927368931,0.072631069,,15.31986532,0,,1,1,,1
138,0.351877136,-0.351877136,,15.43209877,0,,0,0,,1
139,0.115310426,-0.115310426,,15.54433221,0,,0,0,,1
140,0.49177741,-0.49177741,,15.65656566,0,,0,0,,1
141,0.71938333,-0.71938333,,15.7687991,0,,0,1,,0
142,0.615046846,0.384953154,,15.88103255,0,,1,1,,1
143,0.575104989,0.424895011,,15.99326599,0,,1,1,,1
144,0.126815942,-0.126815942,,16.10549944,0,,0,0,,1
145,0.267768767,-0.267768767,,16.21773288,0,,0,0,,1
146,0.22842203,-0.22842203,,16.32996633,0,,0,0,,1
147,0.086508208,0.913491792,,16.44219978,0,,1,0,,0
148,0.567168022,-0.567168022,,16.55443322,0,,0,1,,0
149,0.209659909,-0.209659909,,16.66666667,0,,0,0,,1
150,0.206435444,-0.206435444,,16.77890011,0,,0,0,,1
151,0.183095367,-0.183095367,,16.89113356,0,,0,0,,1
152,0.910616368,0.089383632,,17.003367,0,,1,1,,1
153,0.013174336,-0.013174336,,17.11560045,0,,0,0,,1
154,0.038724177,-0.038724177,,17.22783389,0,,0,0,,1
155,0.15590292,-0.15590292,,17.34006734,0,,0,0,,1
156,0.408780285,-0.408780285,,17.45230079,0,,0,0,,1
157,0.650539824,0.349460176,,17.56453423,0,,1,1,,1
158,0.078863406,-0.078863406,,17.67676768,0,,0,0,,1
159,0.156345436,-0.156345436,,17.78900112,0,,0,0,,1
160,-0.138460255,0.138460255,,17.90123457,0,,0,0,,1
161,0.03783501,-0.03783501,,18.01346801,0,,0,0,,1
162,0.728162391,0.271837609,,18.12570146,0,,1,1,,1
163,0.089077431,-0.089077431,,18.2379349,0,,0,0,,1
164,0.112552723,-0.112552723,,18.35016835,0,,0,0,,1
165,0.006557076,-0.006557076,,18.4624018,0,,0,0,,1
166,0.121844432,0.878155568,,18.57463524,0,,1,0,,0
167,0.993329283,0.006670717,,18.68686869,0,,1,1,,1
168,0.49454791,-0.49454791,,18.79910213,0,,0,0,,1
169,0.475727872,-0.475727872,,18.91133558,0,,0,0,,1
170,0.099895525,-0.099895525,,19.02356902,0,,0,0,,1
171,0.321072319,-0.321072319,,19.13580247,0,,0,0,,1
172,0.015408872,-0.015408872,,19.24803591,0,,0,0,,1
173,0.625205353,0.374794647,,19.36026936,0,,1,1,,1
174,0.10200681,-0.10200681,,19.47250281,0,,0,0,,1
175,0.393444888,-0.393444888,,19.58473625,0,,0,0,,1
176,0.064664343,-0.064664343,,19.6969697,0,,0,0,,1
177,0.041916556,-0.041916556,,19.80920314,0,,0,0,,1
178,0.923924476,-0.923924476,,19.92143659,0,,0,1,,0
179,0.237347948,-0.237347948,,20.03367003,0,,0,0,,1
180,0.060768447,-0.060768447,,20.14590348,0,,0,0,,1
181,0.377213187,-0.377213187,,20.25813692,0,,0,0,,1
182,0.375712723,-0.375712723,,20.37037037,0,,0,0,,1
183,-0.02437443,0.02437443,,20.48260382,0,,0,0,,1
184,0.238083443,0.761916557,,20.59483726,0,,1,0,,0
185,0.650889767,0.349110233,,20.70707071,0,,1,1,,1
186,0.483619409,-0.483619409,,20.81930415,0,,0,0,,1
187,0.656857471,0.343142529,,20.9315376,0,,1,1,,1
188,0.360010852,0.639989148,,21.04377104,0,,1,0,,0
189,0.030539835,-0.030539835,,21.15600449,0,,0,0,,1
190,0.063356609,-0.063356609,,21.26823793,0,,0,0,,1
191,0.747869305,0.252130695,,21.38047138,0,,1,1,,1
192,0.265684409,-0.265684409,,21.49270483,0,,0,0,,1
193,0.585364258,0.414635742,,21.60493827,0,,1,1,,1
194,0.266114962,0.733885038,,21.71717172,0,,1,0,,0
195,0.939055659,0.060944341,,21.82940516,0,,1,1,,1
196,0.941932491,0.058067509,,21.94163861,0,,1,1,,1
197,0.176088528,-0.176088528,,22.05387205,0,,0,0,,1
198,0.040464489,-0.040464489,,22.1661055,0,,0,0,,1
199,0.69176197,0.30823803,,22.27833895,0,,1,1,,1
200,0.768477641,-0.768477641,,22.39057239,0,,0,1,,0
201,0.084490785,-0.084490785,,22.50280584,0,,0,0,,1
202,-0.138460255,0.138460255,,22.61503928,0,,0,0,,1
203,0.068049787,-0.068049787,,22.72727273,0,,0,0,,1
204,0.099075876,-0.099075876,,22.83950617,0,,0,0,,1
205,0.109775909,0.890224091,,22.95173962,0,,1,0,,0
206,0.659854299,-0.659854299,,23.06397306,0,,0,1,,0
207,0.038823212,-0.038823212,,23.17620651,0,,0,0,,1
208,0.153098763,0.846901237,,23.28843996,0,,1,0,,0
209,0.650545299,0.349454701,,23.4006734,0,,1,1,,1
210,0.434761273,0.565238727,,23.51290685,0,,1,0,,0
211,0.093991868,-0.093991868,,23.62514029,0,,0,0,,1
212,0.742763497,0.257236503,,23.73737374,0,,1,1,,1
213,0.09920951,-0.09920951,,23.84960718,0,,0,0,,1
214,0.237347948,-0.237347948,,23.96184063,0,,0,0,,1
215,0.138643659,-0.138643659,,24.07407407,0,,0,0,,1
216,0.963143123,0.036856877,,24.18630752,0,,1,1,,1
217,0.602223999,0.397776001,,24.29854097,0,,1,1,,1
218,0.173579631,-0.173579631,,24.41077441,0,,0,0,,1
219,0.985889204,0.014110796,,24.52300786,0,,1,1,,1
220,0.236528473,-0.236528473,,24.6352413,0,,0,0,,1
221,0.114927993,0.885072007,,24.74747475,0,,1,0,,0
222,0.245076074,-0.245076074,,24.85970819,0,,0,0,,1
223,0.024766525,-0.024766525,,24.97194164,0,,0,0,,1
224,0.156094119,-0.156094119,,25.08417508,0,,0,0,,1
225,0.361396535,0.638603465,,25.19640853,0,,1,0,,0
226,0.099897868,-0.099897868,,25.30864198,0,,0,0,,1
227,0.264864935,0.735135065,,25.42087542,0,,1,0,,0
228,0.103073573,-0.103073573,,25.53310887,0,,0,0,,1
229,0.268260451,-0.268260451,,25.64534231,0,,0,0,,1
230,0.557589997,-0.557589997,,25.75757576,0,,0,1,,0
231,0.882659274,0.117340726,,25.8698092,0,,1,1,,1
232,0.081349306,-0.081349306,,25.98204265,0,,0,0,,1
233,0.162806626,-0.162806626,,26.09427609,0,,0,0,,1
234,0.501603179,0.498396821,,26.20650954,0,,1,1,,1
235,0.251984725,-0.251984725,,26.31874299,0,,0,0,,1
236,0.671654211,-0.671654211,,26.43097643,0,,0,1,,0
237,0.168099757,-0.168099757,,26.54320988,0,,0,0,,1
238,0.798832494,0.201167506,,26.65544332,0,,1,1,,1
239,0.264864935,-0.264864935,,26.76767677,0,,0,0,,1
240,0.229382174,-0.229382174,,26.87991021,0,,0,0,,1
241,0.696884015,-0.696884015,,26.99214366,0,,0,1,,0
242,0.656857471,0.343142529,,27.1043771,0,,1,1,,1
243,0.239104515,-0.239104515,,27.21661055,0,,0,0,,1
244,0.099168536,-0.099168536,,27.328844,0,,0,0,,1
245,0.139004527,-0.139004527,,27.44107744,0,,0,0,,1
246,0.328537614,-0.328537614,,27.55331089,0,,0,0,,1
247,0.607326915,-0.607326915,,27.66554433,0,,0,1,,0
248,0.753764293,0.246235707,,27.77777778,0,,1,1,,1
249,0.344095712,0.655904288,,27.89001122,0,,1,0,,0
250,0.142339338,-0.142339338,,28.00224467,0,,0,0,,1
251,0.155882433,-0.155882433,,28.11447811,0,,0,0,,1
252,0.552856296,-0.552856296,,28.22671156,0,,0,1,,0
253,0.316218139,-0.316218139,,28.33894501,0,,0,0,,1
254,0.044057244,-0.044057244,,28.45117845,0,,0,0,,1
255,0.554982096,-0.554982096,,28.5634119,0,,0,1,,0
256,0.644678113,0.355321887,,28.67564534,0,,1,1,,1
257,1.069275858,-0.069275858,,28.78787879,0,,1,1,,1
258,0.933975917,0.066024083,,28.90011223,0,,1,1,,1
259,1.121089692,-0.121089692,,29.01234568,0,,1,1,,1
260,0.6981593,0.3018407,,29.12457912,0,,1,1,,1
261,0.176088528,-0.176088528,,29.23681257,0,,0,0,,1
262,-0.008918178,1.008918178,,29.34904602,0,,1,0,,0
263,0.314336807,-0.314336807,,29.46127946,0,,0,0,,1
264,0.364188244,-0.364188244,,29.57351291,0,,0,0,,1
265,0.69176197,-0.69176197,,29.68574635,0,,0,1,,0
266,0.221072222,-0.221072222,,29.7979798,0,,0,0,,1
267,-0.032083553,0.032083553,,29.91021324,0,,0,0,,1
268,0.054208604,0.945791396,,30.02244669,0,,1,0,,0
269,0.876193846,0.123806154,,30.13468013,0,,1,1,,1
270,0.937201098,0.062798902,,30.24691358,0,,1,1,,1
271,0.477391404,-0.477391404,,30.35914703,0,,0,0,,1
272,0.089104908,0.910895092,,30.47138047,0,,1,0,,0
273,0.719213045,0.280786955,,30.58361392,0,,1,1,,1
274,0.434460756,-0.434460756,,30.69584736,0,,0,0,,1
275,0.69176197,0.30823803,,30.80808081,0,,1,1,,1
276,0.808721781,0.191278219,,30.92031425,0,,1,1,,1
277,0.555797881,-0.555797881,,31.0325477,0,,0,1,,0
278,0.31036794,-0.31036794,,31.14478114,0,,0,0,,1
279,0.007680746,-0.007680746,,31.25701459,0,,0,0,,1
280,0.540608287,0.459391713,,31.36924804,0,,1,1,,1
281,0.008645801,-0.008645801,,31.48148148,0,,0,0,,1
282,0.083951309,-0.083951309,,31.59371493,0,,0,0,,1
283,0.115403288,-0.115403288,,31.70594837,0,,0,0,,1
284,0.107199867,0.892800133,,31.81818182,0,,1,0,,0
285,0.475752456,-0.475752456,,31.93041526,0,,0,0,,1
286,0.131747598,-0.131747598,,32.04264871,0,,0,0,,1
287,0.079338701,0.920661299,,32.15488215,0,,1,0,,0
288,0.099421196,-0.099421196,,32.2671156,0,,0,0,,1
289,0.206435444,0.793564556,,32.37934905,0,,1,0,,0
290,0.635089047,0.364910953,,32.49158249,0,,1,1,,1
291,0.941772493,0.058227507,,32.60381594,0,,1,1,,1
292,0.986780071,0.013219929,,32.71604938,0,,1,1,,1
293,0.28226227,-0.28226227,,32.82828283,0,,0,0,,1
294,0.610255331,-0.610255331,,32.94051627,0,,0,1,,0
295,0.094269112,-0.094269112,,33.05274972,0,,0,0,,1
296,0.536728064,-0.536728064,,33.16498316,0,,0,1,,0
297,0.155750176,-0.155750176,,33.27721661,0,,0,0,,1
298,0.974777912,-0.974777912,,33.38945006,0,,0,1,,0
299,0.47722751,0.52277249,,33.5016835,0,,1,0,,0
300,0.988045073,0.011954927,,33.61391695,0,,1,1,,1
301,0.69176197,0.30823803,,33.72615039,0,,1,1,,1
302,0.10627953,0.89372047,,33.83838384,0,,1,0,,0
303,0.10456116,-0.10456116,,33.95061728,0,,0,0,,1
304,0.850131785,0.149868215,,34.06285073,0,,1,1,,1
305,0.156144665,-0.156144665,,34.17508418,0,,0,0,,1
306,0.461886596,0.538113404,,34.28731762,0,,1,0,,0
307,1.079661318,-0.079661318,,34.39955107,0,,1,1,,1
308,0.99777363,0.00222637,,34.51178451,0,,1,1,,1
309,0.263920313,-0.263920313,,34.62401796,0,,0,0,,1
310,0.98469446,0.01530554,,34.7362514,0,,1,1,,1
311,1.008748341,-0.008748341,,34.84848485,0,,1,1,,1
312,0.992855215,0.007144785,,34.96071829,0,,1,1,,1
313,0.722539438,-0.722539438,,35.07295174,0,,0,1,,0
314,0.083964945,-0.083964945,,35.18518519,0,,0,0,,1
315,0.163155231,-0.163155231,,35.29741863,0,,0,0,,1
316,0.604776834,0.395223166,,35.40965208,0,,1,1,,1
317,0.735294038,0.264705962,,35.52188552,0,,1,1,,1
318,0.17585073,-0.17585073,,35.63411897,0,,0,0,,1
319,0.941882642,0.058117358,,35.74635241,0,,1,1,,1
320,0.939313566,0.060686434,,35.85858586,0,,1,1,,1
321,0.09920951,-0.09920951,,35.9708193,0,,0,0,,1
322,0.086540987,-0.086540987,,36.08305275,0,,0,0,,1
323,0.772850527,0.227149473,,36.1952862,0,,1,1,,1
324,0.733826975,0.266173025,,36.30751964,0,,1,1,,1
325,-0.138460255,0.138460255,,36.41975309,0,,0,0,,1
326,0.995036604,0.004963396,,36.53198653,0,,1,1,,1
327,-0.001588014,0.001588014,,36.64421998,0,,0,0,,1
328,0.737565137,0.262434863,,36.75645342,0,,1,1,,1
329,0.551002597,0.448997403,,36.86868687,0,,1,1,,1
330,1.01350071,-0.01350071,,36.98092031,0,,1,1,,1
331,0.621952972,0.378047028,,37.09315376,0,,1,1,,1
332,0.359362021,-0.359362021,,37.20538721,0,,0,0,,1
333,0.412041244,-0.412041244,,37.31762065,0,,0,0,,1
334,0.043299762,-0.043299762,,37.4298541,0,,0,0,,1
335,0.989267592,0.010732408,,37.54208754,0,,1,1,,1
336,0.156094119,-0.156094119,,37.65432099,0,,0,0,,1
337,0.376910633,-0.376910633,,37.76655443,0,,0,0,,1
338,0.98178491,0.01821509,,37.87878788,0,,1,1,,1
339,0.040222776,0.959777224,,37.99102132,0,,1,0,,0
340,0.36294457,-0.36294457,,38.10325477,0,,0,0,,1
341,0.268691004,0.731308996,,38.21548822,0,,1,0,,0
342,0.879747415,0.120252585,,38.32772166,0,,1,1,,1
343,0.242500032,-0.242500032,,38.43995511,0,,0,0,,1
344,0.250228158,-0.250228158,,38.55218855,0,,0,0,,1
345,0.221891696,-0.221891696,,38.664422,0,,0,0,,1
346,0.768477641,0.231522359,,38.77665544,0,,1,1,,1
347,0.72726097,0.27273903,,38.88888889,0,,1,1,,1
348,0.637011944,0.362988056,,39.00112233,0,,1,1,,1
349,0.105942303,0.894057697,,39.11335578,0,,1,0,,0
350,0.048151674,-0.048151674,,39.22558923,0,,0,0,,1
351,0.097280852,-0.097280852,,39.33782267,0,,0,0,,1
352,0.478702563,-0.478702563,,39.45005612,0,,0,0,,1
353,0.132599147,-0.132599147,,39.56228956,0,,0,0,,1
354,0.057494696,-0.057494696,,39.67452301,0,,0,0,,1
355,0.216285785,-0.216285785,,39.78675645,0,,0,0,,1
356,0.084490785,-0.084490785,,39.8989899,0,,0,0,,1
357,0.93665636,0.06334364,,40.01122334,0,,1,1,,1
358,0.732413053,-0.732413053,,40.12345679,0,,0,1,,0
359,0.69180432,0.30819568,,40.23569024,0,,1,1,,1
360,0.69180432,0.30819568,,40.34792368,0,,1,1,,1
361,-0.008245322,0.008245322,,40.46015713,0,,0,0,,1
362,0.267715995,-0.267715995,,40.57239057,0,,0,0,,1
363,0.61080448,-0.61080448,,40.68462402,0,,0,1,,0
364,0.065655406,-0.065655406,,40.79685746,0,,0,0,,1
365,0.141184029,-0.141184029,,40.90909091,0,,0,0,,1
366,0.078601174,-0.078601174,,41.02132435,0,,0,0,,1
367,0.875973702,0.124026298,,41.1335578,0,,1,1,,1
368,0.731960603,0.268039397,,41.24579125,0,,1,1,,1
369,0.69176197,0.30823803,,41.35802469,0,,1,1,,1
370,1.004205733,-0.004205733,,41.47025814,0,,1,1,,1
371,0.443968771,0.556031229,,41.58249158,0,,1,0,,0
372,0.071821589,-0.071821589,,41.69472503,0,,0,0,,1
373,0.107199867,-0.107199867,,41.80695847,0,,0,0,,1
374,0.51542775,-0.51542775,,41.91919192,0,,0,1,,0
375,0.548422317,-0.548422317,,42.03142536,0,,0,1,,0
376,1.032804786,-0.032804786,,42.14365881,0,,1,1,,1
377,0.614882951,0.385117049,,42.25589226,0,,1,1,,1
378,0.512210833,-0.512210833,,42.3681257,0,,0,1,,0
379,0.163711922,-0.163711922,,42.48035915,0,,0,0,,1
380,0.107109725,-0.107109725,,42.59259259,0,,0,0,,1
381,1.009701507,-0.009701507,,42.70482604,0,,1,1,,1
382,0.716969839,0.283030161,,42.81705948,0,,1,1,,1
383,0.073670348,-0.073670348,,42.92929293,0,,0,0,,1
384,0.872342092,0.127657908,,43.04152637,0,,1,1,,1
385,0.156094119,-0.156094119,,43.15375982,0,,0,0,,1
386,0.28809173,-0.28809173,,43.26599327,0,,0,0,,1
387,-0.036126126,0.036126126,,43.37822671,0,,0,0,,1
388,0.737565137,0.262434863,,43.49046016,0,,1,1,,1
389,0.17608171,-0.17608171,,43.6026936,0,,0,0,,1
390,0.846593692,0.153406308,,43.71492705,0,,1,1,,1
391,0.361177278,0.638822722,,43.82716049,0,,1,0,,0
392,0.101964459,0.898035541,,43.93939394,0,,1,0,,0
393,0.009084777,-0.009084777,,44.05162738,0,,0,0,,1
394,0.983751459,0.016248541,,44.16386083,0,,1,1,,1
395,0.597623448,0.402376552,,44.27609428,0,,1,1,,1
396,0.099388417,-0.099388417,,44.38832772,0,,0,0,,1
397,0.591896624,-0.591896624,,44.50056117,0,,0,1,,0
398,0.200392543,-0.200392543,,44.61279461,0,,0,0,,1
399,0.254560767,-0.254560767,,44.72502806,0,,0,0,,1
400,0.758058747,0.241941253,,44.8372615,0,,1,1,,1
401,0.055638054,0.944361946,,44.94949495,0,,1,0,,0
402,0.089167574,-0.089167574,,45.0617284,0,,0,0,,1
403,0.580858182,-0.580858182,,45.17396184,0,,0,1,,0
404,0.04912738,-0.04912738,,45.28619529,0,,0,0,,1
405,0.620498038,-0.620498038,,45.39842873,0,,0,1,,0
406,0.192221228,-0.192221228,,45.51066218,0,,0,0,,1
407,0.024668188,-0.024668188,,45.62289562,0,,0,0,,1
408,0.263738486,0.736261514,,45.73512907,0,,1,0,,0
409,0.101957641,-0.101957641,,45.84736251,0,,0,0,,1
410,0.557589997,-0.557589997,,45.95959596,0,,0,1,,0
411,0.156094119,-0.156094119,,46.07182941,0,,0,0,,1
412,0.175796238,-0.175796238,,46.18406285,0,,0,0,,1
413,0.909992387,0.090007613,,46.2962963,0,,1,1,,1
414,0.31036794,-0.31036794,,46.40852974,0,,0,0,,1
415,0.042757845,0.957242155,,46.52076319,0,,1,0,,0
416,0.671818106,-0.671818106,,46.63299663,0,,0,1,,0
417,0.704061735,0.295938265,,46.74523008,0,,1,1,,1
418,0.76872886,0.23127114,,46.85746352,0,,1,1,,1
419,0.237347948,-0.237347948,,46.96969697,0,,0,0,,1
420,0.636130069,-0.636130069,,47.08193042,0,,0,1,,0
421,0.216505667,-0.216505667,,47.19416386,0,,0,0,,1
422,0.121986173,-0.121986173,,47.30639731,0,,0,0,,1
423,0.081382085,-0.081382085,,47.41863075,0,,0,0,,1
424,0.55672301,-0.55672301,,47.5308642,0,,0,1,,0
425,0.068715266,-0.068715266,,47.64309764,0,,0,0,,1
426,0.155882433,-0.155882433,,47.75533109,0,,0,0,,1
427,0.72498987,0.27501013,,47.86756453,0,,1,1,,1
428,0.785619117,0.214380883,,47.97979798,0,,1,1,,1
429,0.176088528,-0.176088528,,48.09203143,0,,0,0,,1
430,0.073711322,0.926288678,,48.20426487,0,,1,0,,0
431,0.403803565,0.596196435,,48.31649832,0,,1,0,,0
432,0.637011944,0.362988056,,48.42873176,0,,1,1,,1
433,0.688925283,0.311074717,,48.54096521,0,,1,1,,1
434,0.112048746,-0.112048746,,48.65319865,0,,0,0,,1
435,0.319306401,-0.319306401,,48.7654321,0,,0,0,,1
436,0.933523643,0.066476357,,48.87766554,0,,1,1,,1
437,0.536255518,-0.536255518,,48.98989899,0,,0,1,,0
438,0.672665145,0.327334855,,49.10213244,0,,1,1,,1
439,0.320717002,-0.320717002,,49.21436588,0,,0,0,,1
440,0.233952431,-0.233952431,,49.32659933,0,,0,0,,1
441,0.673676588,0.326323412,,49.43883277,0,,1,1,,1
442,0.105099121,-0.105099121,,49.55106622,0,,0,0,,1
443,0.054208604,-0.054208604,,49.66329966,0,,0,0,,1
444,0.758173473,0.241826527,,49.77553311,0,,1,1,,1
445,0.156165151,0.843834849,,49.88776655,0,,1,0,,0
446,0.468553033,0.531446967,,50,0,,1,0,,0
447,0.79134222,0.20865778,,50.11223345,0,,1,1,,1
448,0.388347314,0.611652686,,50.22446689,0,,1,0,,0
449,0.640531154,0.359468846,,50.33670034,0,,1,1,,1
450,0.343273328,0.656726672,,50.44893378,0,,1,0,,0
451,0.174076693,-0.174076693,,50.56116723,0,,0,0,,1
452,0.122605967,-0.122605967,,50.67340067,0,,0,0,,1
453,0.459456376,-0.459456376,,50.78563412,0,,0,0,,1
454,0.393177986,0.606822014,,50.89786756,0,,1,0,,0
455,0.156144665,-0.156144665,,51.01010101,0,,0,0,,1
456,0.14180045,0.85819955,,51.12233446,0,,1,0,,0
457,0.308490013,-0.308490013,,51.2345679,0,,0,0,,1
458,0.96245849,0.03754151,,51.34680135,0,,1,1,,1
459,0.700681076,0.299318924,,51.45903479,0,,1,1,,1
460,0.176088528,-0.176088528,,51.57126824,0,,0,0,,1
461,0.352282726,0.647717274,,51.68350168,0,,1,0,,0
462,0.068559238,-0.068559238,,51.79573513,0,,0,0,,1
463,0.358775855,-0.358775855,,51.90796857,0,,0,0,,1
464,0.190979193,-0.190979193,,52.02020202,0,,0,0,,1
465,0.156144665,-0.156144665,,52.13243547,0,,0,0,,1
466,0.05792728,-0.05792728,,52.24466891,0,,0,0,,1
467,0.31036794,-0.31036794,,52.35690236,0,,0,0,,1
468,0.33167439,-0.33167439,,52.4691358,0,,0,0,,1
469,0.176080334,-0.176080334,,52.58136925,0,,0,0,,1
470,0.651479332,0.348520668,,52.69360269,0,,1,1,,1
471,0.155882433,-0.155882433,,52.80583614,0,,0,0,,1
472,0.058455841,-0.058455841,,52.91806958,0,,0,0,,1
473,0.69747826,0.30252174,,53.03030303,0,,1,1,,1
474,0.831724741,0.168275259,,53.14253648,0,,1,1,,1
475,0.615731107,-0.615731107,,53.25476992,0,,0,1,,0
476,0.484274989,-0.484274989,,53.36700337,0,,0,0,,1
477,0.192221228,-0.192221228,,53.47923681,0,,0,0,,1
478,0.043665412,-0.043665412,,53.59147026,0,,0,0,,1
479,0.099298275,-0.099298275,,53.7037037,0,,0,0,,1
480,0.660452515,0.339547485,,53.81593715,0,,1,1,,1
481,-0.056734461,0.056734461,,53.92817059,0,,0,0,,1
482,0.31036794,-0.31036794,,54.04040404,0,,0,0,,1
483,0.027342567,-0.027342567,,54.15263749,0,,0,0,,1
484,0.510031439,0.489968561,,54.26487093,0,,1,1,,1
485,0.455650378,0.544349622,,54.37710438,0,,1,0,,0
486,0.557589997,-0.557589997,,54.48933782,0,,0,1,,0
487,0.884798102,0.115201898,,54.60157127,0,,1,1,,1
488,0.387966391,-0.387966391,,54.71380471,0,,0,0,,1
489,0.078863406,-0.078863406,,54.82603816,0,,0,0,,1
490,0.090486051,0.909513949,,54.9382716,0,,1,0,,0
491,0.122605967,-0.122605967,,55.05050505,0,,0,0,,1
492,0.101785552,-0.101785552,,55.1627385,0,,0,0,,1
493,0.335545202,-0.335545202,,55.27497194,0,,0,0,,1
494,0.360969459,-0.360969459,,55.38720539,0,,0,0,,1
495,0.102047783,-0.102047783,,55.49943883,0,,0,0,,1
496,0.218656787,-0.218656787,,55.61167228,0,,0,0,,1
497,0.892418797,0.107581203,,55.72390572,0,,1,1,,1
498,0.158455582,-0.158455582,,55.83613917,0,,0,0,,1
499,0.915528947,-0.915528947,,55.94837262,0,,0,1,,0
500,0.094236333,-0.094236333,,56.06060606,0,,0,0,,1
501,0.112552723,-0.112552723,,56.17283951,0,,0,0,,1
502,0.637665089,-0.637665089,,56.28507295,0,,0,1,,0
503,0.691722373,-0.691722373,,56.3973064,0,,0,1,,0
504,0.57700853,-0.57700853,,56.50953984,0,,0,1,,0
505,0.970040504,0.029959496,,56.62177329,0,,1,1,,1
506,0.479524147,-0.479524147,,56.73400673,0,,0,0,,1
507,0.734349498,0.265650502,,56.84624018,0,,1,1,,1
508,0.47593274,0.52406726,,56.95847363,0,,1,0,,0
509,0.088760246,-0.088760246,,57.07070707,0,,0,0,,1
510,0.105047609,0.894952391,,57.18294052,0,,1,0,,0
511,0.101383312,0.898616688,,57.29517396,0,,1,0,,0
512,0.156144665,-0.156144665,,57.40740741,0,,0,0,,1
513,0.383109185,0.616890815,,57.51964085,0,,1,0,,0
514,0.886234486,0.113765514,,57.6318743,0,,1,1,,1
515,0.094137997,-0.094137997,,57.74410774,0,,0,0,,1
516,0.35730762,-0.35730762,,57.85634119,0,,0,0,,1
517,0.741897747,0.258102253,,57.96857464,0,,1,1,,1
518,0.18146428,-0.18146428,,58.08080808,0,,0,0,,1
519,0.704381534,0.295618466,,58.19304153,0,,1,1,,1
520,0.073660777,-0.073660777,,58.30527497,0,,0,0,,1
521,0.936270445,0.063729555,,58.41750842,0,,1,1,,1
522,0.099421196,-0.099421196,,58.52974186,0,,0,0,,1
523,0.216285785,-0.216285785,,58.64197531,0,,0,0,,1
524,0.941371535,0.058628465,,58.75420875,0,,1,1,,1
525,0.216287162,-0.216287162,,58.8664422,0,,0,0,,1
526,0.071758829,-0.071758829,,58.97867565,0,,0,0,,1
527,0.700681076,0.299318924,,59.09090909,0,,1,1,,1
528,0.539926867,-0.539926867,,59.20314254,0,,0,1,,0
529,0.055638054,-0.055638054,,59.31537598,0,,0,0,,1
530,0.172396302,-0.172396302,,59.42760943,0,,0,0,,1
531,0.784364445,0.215635555,,59.53984287,0,,1,1,,1
532,0.216287162,-0.216287162,,59.65207632,0,,0,0,,1
533,0.127447063,-0.127447063,,59.76430976,0,,0,0,,1
534,0.721714735,0.278285265,,59.87654321,0,,1,1,,1
535,0.594737618,-0.594737618,,59.98877666,0,,0,1,,0
536,0.801408536,0.198591464,,60.1010101,0,,1,1,,1
537,0.360010852,-0.360010852,,60.21324355,0,,0,0,,1
538,1.000918675,-0.000918675,,60.32547699,0,,1,1,,1
539,0.158258908,-0.158258908,,60.43771044,0,,0,0,,1
540,0.987662548,0.012337452,,60.54994388,0,,1,1,,1
541,0.898233892,0.101766108,,60.66217733,0,,1,1,,1
542,0.491262135,-0.491262135,,60.77441077,0,,0,0,,1
543,0.486110051,-0.486110051,,60.88664422,0,,0,0,,1
544,0.199012261,0.800987739,,60.99887767,0,,1,0,,0
545,0.396279525,-0.396279525,,61.11111111,0,,0,0,,1
546,0.31088577,-0.31088577,,61.22334456,0,,0,0,,1
547,0.748174248,0.251825752,,61.335578,0,,1,1,,1
548,0.375323472,0.624676528,,61.44781145,0,,1,0,,0
549,0.030177071,-0.030177071,,61.56004489,0,,0,0,,1
550,0.256758491,0.743241509,,61.67227834,1,,1,0,,0
551,0.504990131,0.495009869,,61.78451178,1,,1,1,,1
552,0.24933734,-0.24933734,,61.89674523,1,,0,0,,1
553,0.176114489,-0.176114489,,62.00897868,1,,0,0,,1
554,0.159612862,0.840387138,,62.12121212,1,,1,0,,0
555,0.615055041,0.384944959,,62.23344557,1,,1,1,,1
556,0.316218139,-0.316218139,,62.34567901,1,,0,0,,1
557,0.895200501,0.104799499,,62.45791246,1,,1,1,,1
558,0.602221828,-0.602221828,,62.5701459,1,,0,1,,0
559,0.863498794,0.136501206,,62.68237935,1,,1,1,,1
560,0.54470056,0.45529944,,62.79461279,1,,1,1,,1
561,0.176088528,-0.176088528,,62.90684624,1,,0,0,,1
562,0.053052441,-0.053052441,,63.01907969,1,,0,0,,1
563,0.242663927,-0.242663927,,63.13131313,1,,0,0,,1
564,0.156144665,-0.156144665,,63.24354658,1,,0,0,,1
565,0.671818106,-0.671818106,,63.35578002,1,,0,1,,0
566,0.024707333,-0.024707333,,63.46801347,1,,0,0,,1
567,0.107149322,-0.107149322,,63.58024691,1,,0,0,,1
568,0.570972286,-0.570972286,,63.69248036,1,,0,1,,0
569,0.216287162,-0.216287162,,63.8047138,1,,0,0,,1
570,0.073647141,0.926352859,,63.91694725,1,,1,0,,0
571,0.154095131,0.845904869,,64.0291807,1,,1,0,,0
572,0.788357755,0.211642245,,64.14141414,1,,1,1,,1
573,0.383141964,0.616858036,,64.25364759,1,,1,0,,0
574,0.69176197,0.30823803,,64.36588103,1,,1,1,,1
575,0.114927993,-0.114927993,,64.47811448,1,,0,0,,1
576,0.109314111,-0.109314111,,64.59034792,1,,0,0,,1
577,0.742717221,0.257282779,,64.70258137,1,,1,1,,1
578,0.863316304,0.136683696,,64.81481481,1,,1,1,,1
579,0.696885359,-0.696885359,,64.92704826,1,,0,1,,0
580,0.073670348,0.926329652,,65.03928171,1,,1,0,,0
581,0.726426639,0.273573361,,65.15151515,1,,1,1,,1
582,0.934148296,0.065851704,,65.2637486,1,,1,1,,1
583,0.179784207,-0.179784207,,65.37598204,1,,0,0,,1
584,0.448056522,-0.448056522,,65.48821549,1,,0,0,,1
585,0.216773373,-0.216773373,,65.60044893,1,,0,0,,1
586,0.947438029,0.052561971,,65.71268238,1,,1,1,,1
587,0.194210814,-0.194210814,,65.82491582,1,,0,0,,1
588,0.353992514,0.646007486,,65.93714927,1,,1,0,,0
589,0.099471742,-0.099471742,,66.04938272,1,,0,0,,1
590,0.156144665,-0.156144665,,66.16161616,1,,0,0,,1
591,0.065679991,-0.065679991,,66.27384961,1,,0,0,,1
592,0.897570881,0.102429119,,66.38608305,1,,1,1,,1
593,0.034808461,-0.034808461,,66.4983165,1,,0,0,,1
594,0.676556938,-0.676556938,,66.61054994,1,,0,1,,0
595,0.186132051,-0.186132051,,66.72278339,1,,0,0,,1
596,0.023637183,-0.023637183,,66.83501684,1,,0,0,,1
597,0.836858443,0.163141557,,66.94725028,1,,1,1,,1
598,0.027279901,-0.027279901,,67.05948373,1,,0,0,,1
599,0.216285785,-0.216285785,,67.17171717,1,,0,0,,1
600,0.382631352,0.617368648,,67.28395062,1,,1,0,,0
601,0.690574442,0.309425558,,67.39618406,1,,1,1,,1
602,0.156094119,-0.156094119,,67.50841751,1,,0,0,,1
603,0.481128207,-0.481128207,,67.62065095,1,,0,0,,1
604,0.042798818,-0.042798818,,67.7328844,1,,0,0,,1
605,0.446182819,0.553817181,,67.84511785,1,,1,0,,0
606,0.028420708,-0.028420708,,67.95735129,1,,0,0,,1
607,0.078812861,-0.078812861,,68.06958474,1,,0,0,,1
608,0.407674377,0.592325623,,68.18181818,1,,1,0,,0
609,0.790759339,0.209240661,,68.29405163,1,,1,1,,1
610,0.930165117,0.069834883,,68.40628507,1,,1,1,,1
611,0.503507936,-0.503507936,,68.51851852,1,,0,1,,0
612,0.155816875,-0.155816875,,68.63075196,1,,0,0,,1
613,0.656857471,0.343142529,,68.74298541,1,,1,1,,1
614,0.176088528,-0.176088528,,68.85521886,1,,0,0,,1
615,0.065983196,-0.065983196,,68.9674523,1,,0,0,,1
616,0.732872805,0.267127195,,69.07968575,1,,1,1,,1
617,0.025593317,-0.025593317,,69.19191919,1,,0,0,,1
618,0.570034853,-0.570034853,,69.30415264,1,,0,1,,0
619,0.746028758,0.253971242,,69.41638608,1,,1,1,,1
620,0.246832641,-0.246832641,,69.52861953,1,,0,0,,1
621,0.11165744,-0.11165744,,69.64085297,1,,0,0,,1
622,0.338818018,0.661181982,,69.75308642,1,,1,0,,0
623,0.122509247,0.877490753,,69.86531987,1,,1,0,,0
624,0.101983602,-0.101983602,,69.97755331,1,,0,0,,1
625,0.104686491,-0.104686491,,70.08978676,1,,0,0,,1
626,0.32068579,-0.32068579,,70.2020202,1,,0,0,,1
627,0.187623952,-0.187623952,,70.31425365,1,,0,0,,1
628,0.954360413,0.045639587,,70.42648709,1,,1,1,,1
629,0.089117028,-0.089117028,,70.53872054,1,,0,0,,1
630,0.176083054,-0.176083054,,70.65095398,1,,0,0,,1
631,0.270980258,0.729019742,,70.76318743,1,,1,0,,0
632,0.024440112,-0.024440112,,70.87542088,1,,0,0,,1
633,0.455205714,0.544794286,,70.98765432,1,,1,0,,0
634,0.467229923,-0.467229923,,71.09988777,1,,0,0,,1
635,0.527600714,-0.527600714,,71.21212121,1,,0,1,,0
636,0.758173473,0.241826527,,71.32435466,1,,1,1,,1
637,0.073670348,-0.073670348,,71.4365881,1,,0,0,,1
638,0.194067734,-0.194067734,,71.54882155,1,,0,0,,1
639,0.538558253,-0.538558253,,71.66105499,1,,0,1,,0
640,0.121338502,-0.121338502,,71.77328844,1,,0,0,,1
641,0.104559644,-0.104559644,,71.88552189,1,,0,0,,1
642,1.004205733,-0.004205733,,71.99775533,1,,1,1,,1
643,0.545633008,-0.545633008,,72.10998878,1,,0,1,,0
644,0.1720247,0.8279753,,72.22222222,1,,1,0,,0
645,0.651479332,0.348520668,,72.33445567,1,,1,1,,1
646,0.39169763,0.60830237,,72.44668911,1,,1,0,,0
647,0.107149322,-0.107149322,,72.55892256,1,,0,0,,1
648,0.395019656,0.604980344,,72.671156,1,,1,0,,0
649,0.15598077,-0.15598077,,72.78338945,1,,0,0,,1
650,0.612405246,0.387594754,,72.8956229,1,,1,1,,1
651,0.156094119,-0.156094119,,73.00785634,1,,0,0,,1
652,0.779609274,0.220390726,,73.12008979,1,,1,1,,1
653,0.102173425,-0.102173425,,73.23232323,1,,0,0,,1
654,0.691787931,0.308212069,,73.34455668,1,,1,1,,1
655,0.645065425,-0.645065425,,73.45679012,1,,0,1,,0
656,0.197745739,-0.197745739,,73.56902357,1,,0,0,,1
657,0.156094119,-0.156094119,,73.68125701,1,,0,0,,1
658,0.566821612,-0.566821612,,73.79349046,1,,0,1,,0
659,0.255380241,-0.255380241,,73.90572391,1,,0,0,,1
660,0.400156386,-0.400156386,,74.01795735,1,,0,0,,1
661,0.307347183,0.692652817,,74.1301908,1,,1,0,,0
662,0.113244107,-0.113244107,,74.24242424,1,,0,0,,1
663,0.35454327,-0.35454327,,74.35465769,1,,0,0,,1
664,0.063225493,-0.063225493,,74.46689113,1,,0,0,,1
665,0.067137982,0.932862018,,74.57912458,1,,1,0,,0
666,0.177137404,-0.177137404,,74.69135802,1,,0,0,,1
667,0.250228158,-0.250228158,,74.80359147,1,,0,0,,1
668,0.156054522,-0.156054522,,74.91582492,1,,0,0,,1
669,0.04537486,-0.04537486,,75.02805836,1,,0,0,,1
670,0.962503561,0.037496439,,75.14029181,1,,1,1,,1
671,0.690736117,0.309263883,,75.25252525,1,,1,1,,1
672,0.366972819,-0.366972819,,75.3647587,1,,0,0,,1
673,0.133486795,-0.133486795,,75.47699214,1,,0,0,,1
674,0.234771906,0.765228094,,75.58922559,1,,1,0,,0
675,0.31036794,-0.31036794,,75.70145903,1,,0,0,,1
676,0.109685767,-0.109685767,,75.81369248,1,,0,0,,1
677,0.093031637,-0.093031637,,75.92592593,1,,0,0,,1
678,0.626036652,0.373963348,,76.03815937,1,,1,1,,1
679,0.490722967,-0.490722967,,76.15039282,1,,0,0,,1
680,0.595237693,0.404762307,,76.26262626,1,,1,1,,1
681,0.691888988,-0.691888988,,76.37485971,1,,0,1,,0
682,0.483239381,0.516760619,,76.48709315,1,,1,0,,0
683,0.105008978,-0.105008978,,76.5993266,1,,0,0,,1
684,-0.069614671,0.069614671,,76.71156004,1,,0,0,,1
685,0.123541836,-0.123541836,,76.82379349,1,,0,0,,1
686,0.267357771,-0.267357771,,76.93602694,1,,0,0,,1
687,-0.026931469,0.026931469,,77.04826038,1,,0,0,,1
688,0.107895044,-0.107895044,,77.16049383,1,,0,0,,1
689,0.109692585,-0.109692585,,77.27272727,1,,0,0,,1
690,1.005934481,-0.005934481,,77.38496072,1,,1,1,,1
691,0.368611767,0.631388233,,77.49719416,1,,1,0,,0
692,0.716082118,0.283917882,,77.60942761,1,,1,1,,1
693,0.1720247,0.8279753,,77.72166105,1,,1,0,,0
694,0.151884736,-0.151884736,,77.8338945,1,,0,0,,1
695,0.321370223,-0.321370223,,77.94612795,1,,0,0,,1
696,0.18083892,-0.18083892,,78.05836139,1,,0,0,,1
697,0.042798818,-0.042798818,,78.17059484,1,,0,0,,1
698,0.691756496,0.308243504,,78.28282828,1,,1,1,,1
699,0.392714435,-0.392714435,,78.39506173,1,,0,0,,1
700,0.047819786,-0.047819786,,78.50729517,1,,0,0,,1
701,1.034081645,-0.034081645,,78.61952862,1,,1,1,,1
702,0.385685227,0.614314773,,78.73176207,1,,1,0,,0
703,0.680357613,-0.680357613,,78.84399551,1,,0,1,,0
704,0.111684759,-0.111684759,,78.95622896,1,,0,0,,1
705,0.051658523,-0.051658523,,79.0684624,1,,0,0,,1
706,0.218424837,-0.218424837,,79.18069585,1,,0,0,,1
707,0.714544655,0.285455345,,79.29292929,1,,1,1,,1
708,0.367652933,0.632347067,,79.40516274,1,,1,0,,0
709,0.975906975,0.024093025,,79.51739618,1,,1,1,,1
710,0.173867536,0.826132464,,79.62962963,1,,1,0,,0
711,0.997716873,0.002283127,,79.74186308,1,,1,1,,1
712,0.47593274,-0.47593274,,79.85409652,1,,0,0,,1
713,0.323180105,0.676819895,,79.96632997,1,,1,0,,0
714,0.081909269,-0.081909269,,80.07856341,1,,0,0,,1
715,0.180675025,-0.180675025,,80.19079686,1,,0,0,,1
716,0.107068751,-0.107068751,,80.3030303,1,,0,0,,1
717,1.020005675,-0.020005675,,80.41526375,1,,1,1,,1
718,0.759930041,0.240069959,,80.52749719,1,,1,1,,1
719,0.178628899,-0.178628899,,80.63973064,1,,0,0,,1
720,0.071045138,-0.071045138,,80.75196409,1,,0,0,,1
721,0.813799675,0.186200325,,80.86419753,1,,1,1,,1
722,0.074580669,-0.074580669,,80.97643098,1,,0,0,,1
723,0.22704378,-0.22704378,,81.08866442,1,,0,0,,1
724,0.185827109,-0.185827109,,81.20089787,1,,0,0,,1
725,0.377637555,0.622362445,,81.31313131,1,,1,0,,0
726,0.104824597,-0.104824597,,81.42536476,1,,0,0,,1
727,0.643309099,0.356690901,,81.5375982,1,,1,1,,1
728,0.691757872,0.308242128,,81.64983165,1,,1,1,,1
729,0.217044555,-0.217044555,,81.7620651,1,,0,0,,1
730,0.569931214,-0.569931214,,81.87429854,1,,0,1,,0
731,0.977472409,0.022527591,,81.98653199,1,,1,1,,1
732,0.191739392,-0.191739392,,82.09876543,1,,0,0,,1
733,0.31036794,-0.31036794,,82.21099888,1,,0,0,,1
734,0.255380241,-0.255380241,,82.32323232,1,,0,0,,1
735,0.255380241,-0.255380241,,82.43546577,1,,0,0,,1
736,0.085366176,-0.085366176,,82.54769921,1,,0,0,,1
737,0.496544739,-0.496544739,,82.65993266,1,,0,0,,1
738,0.605416251,0.394583749,,82.77216611,1,,1,1,,1
739,0.156094119,-0.156094119,,82.88439955,1,,0,0,,1
740,0.156094119,-0.156094119,,82.996633,1,,0,0,,1
741,0.477063615,0.522936385,,83.10886644,1,,1,0,,0
742,0.362893763,-0.362893763,,83.22109989,1,,0,0,,1
743,0.985127089,0.014872911,,83.33333333,1,,1,1,,1
744,0.059513495,-0.059513495,,83.44556678,1,,0,0,,1
745,0.07624639,0.92375361,,83.55780022,1,,1,0,,0
746,0.265132671,-0.265132671,,83.67003367,1,,0,0,,1
747,0.073879642,-0.073879642,,83.78226712,1,,0,0,,1
748,0.753021389,0.246978611,,83.89450056,1,,1,1,,1
749,0.398245891,-0.398245891,,84.00673401,1,,0,0,,1
750,0.096231228,-0.096231228,,84.11896745,1,,0,0,,1
751,0.778228992,0.221771008,,84.2312009,1,,1,1,,1
752,0.134536366,0.865463634,,84.34343434,1,,1,0,,0
753,0.071610575,-0.071610575,,84.45566779,1,,0,0,,1
754,0.096845154,-0.096845154,,84.56790123,1,,0,0,,1
755,0.671047798,0.328952202,,84.68013468,1,,1,1,,1
756,0.268347557,0.731652443,,84.79236813,1,,1,0,,0
757,0.083932166,-0.083932166,,84.90460157,1,,0,0,,1
758,0.267768767,-0.267768767,,85.01683502,1,,0,0,,1
759,0.068559238,-0.068559238,,85.12906846,1,,0,0,,1
760,0.926247791,0.073752209,,85.24130191,1,,1,1,,1
761,0.158258908,-0.158258908,,85.35353535,1,,0,0,,1
762,0.050223739,-0.050223739,,85.4657688,1,,0,0,,1
763,0.164766323,0.835233677,,85.57800224,1,,1,0,,0
764,0.87685072,0.12314928,,85.69023569,1,,1,1,,1
765,0.114837851,-0.114837851,,85.80246914,1,,0,0,,1
766,0.839634285,0.160365715,,85.91470258,1,,1,1,,1
767,0.540621943,-0.540621943,,86.02693603,1,,0,1,,0
768,0.61319269,-0.61319269,,86.13916947,1,,0,1,,0
769,0.144019411,-0.144019411,,86.25140292,1,,0,0,,1
770,0.073813756,-0.073813756,,86.36363636,1,,0,0,,1
771,0.094794953,-0.094794953,,86.47586981,1,,0,0,,1
772,0.032430469,-0.032430469,,86.58810325,1,,0,0,,1
773,0.682648782,-0.682648782,,86.7003367,1,,0,1,,0
774,0.216285785,-0.216285785,,86.81257015,1,,0,0,,1
775,0.634221862,0.365778138,,86.92480359,1,,1,1,,1
776,0.109677572,-0.109677572,,87.03703704,1,,0,0,,1
777,0.176088528,-0.176088528,,87.14927048,1,,0,0,,1
778,0.660388366,0.339611634,,87.26150393,1,,1,1,,1
779,0.176084431,-0.176084431,,87.37373737,1,,0,0,,1
780,0.933805306,0.066194694,,87.48597082,1,,1,1,,1
781,0.698472058,0.301527942,,87.59820426,1,,1,1,,1
782,0.920349796,0.079650204,,87.71043771,1,,1,1,,1
783,0.402358398,-0.402358398,,87.82267116,1,,0,0,,1
784,0.108542725,-0.108542725,,87.9349046,1,,0,0,,1
785,0.091415826,-0.091415826,,88.04713805,1,,0,0,,1
786,0.091481384,-0.091481384,,88.15937149,1,,0,0,,1
787,0.62526769,0.37473231,,88.27160494,1,,1,1,,1
788,0.005104704,-0.005104704,,88.38383838,1,,0,0,,1
789,0.105024287,0.894975713,,88.49607183,1,,1,0,,0
790,0.435104486,-0.435104486,,88.60830527,1,,0,0,,1
791,0.176088528,-0.176088528,,88.72053872,1,,0,0,,1
792,0.277673802,-0.277673802,,88.83277217,1,,0,0,,1
793,0.377213187,-0.377213187,,88.94500561,1,,0,0,,1
794,0.537703238,-0.537703238,,89.05723906,1,,0,1,,0
795,0.09169307,-0.09169307,,89.1694725,1,,0,0,,1
796,0.21416357,-0.21416357,,89.28170595,1,,0,0,,1
797,0.865176634,0.134823366,,89.39393939,1,,1,1,,1
798,0.592168394,0.407831606,,89.50617284,1,,1,1,,1
799,0.139005903,-0.139005903,,89.61840629,1,,0,0,,1
800,0.554766876,-0.554766876,,89.73063973,1,,0,1,,0
801,0.22704378,-0.22704378,,89.84287318,1,,0,0,,1
802,0.709741176,0.290258824,,89.95510662,1,,1,1,,1
803,0.425578327,0.574421673,,90.06734007,1,,1,0,,0
804,0.208024738,0.791975262,,90.17957351,1,,1,0,,0
805,0.086239158,0.913760842,,90.29180696,1,,1,0,,0
806,0.076197222,-0.076197222,,90.4040404,1,,0,0,,1
807,0.366764286,-0.366764286,,90.51627385,1,,0,0,,1
808,0.625359209,-0.625359209,,90.6285073,1,,0,1,,0
809,0.21416357,-0.21416357,,90.74074074,1,,0,0,,1
810,0.877854745,0.122145255,,90.85297419,1,,1,1,,1
811,0.089114308,-0.089114308,,90.96520763,1,,0,0,,1
812,0.060956443,-0.060956443,,91.07744108,1,,0,0,,1
813,0.223648264,-0.223648264,,91.18967452,1,,0,0,,1
814,0.498990261,-0.498990261,,91.30190797,1,,0,0,,1
815,0.077575385,-0.077575385,,91.41414141,1,,0,0,,1
816,0.467229923,-0.467229923,,91.52637486,1,,0,0,,1
817,0.612528167,-0.612528167,,91.63860831,1,,0,1,,0
818,0.258004398,-0.258004398,,91.75084175,1,,0,0,,1
819,0.044850397,-0.044850397,,91.8630752,1,,0,0,,1
820,0.009351231,-0.009351231,,91.97530864,1,,0,0,,1
821,0.834550136,0.165449864,,92.08754209,1,,1,1,,1
822,0.086792303,0.913207697,,92.19977553,1,,1,0,,0
823,0.369340328,-0.369340328,,92.31200898,1,,0,0,,1
824,0.596112927,0.403887073,,92.42424242,1,,1,1,,1
825,0.003981034,-0.003981034,,92.53647587,1,,0,0,,1
826,0.175826297,-0.175826297,,92.64870932,1,,0,0,,1
827,0.1720247,-0.1720247,,92.76094276,1,,0,0,,1
828,0.36512801,0.63487199,,92.87317621,1,,1,0,,0
829,0.176088528,0.823911472,,92.98540965,1,,1,0,,0
830,0.969087496,0.030912504,,93.0976431,1,,1,1,,1
831,0.658243385,0.341756615,,93.20987654,1,,1,1,,1
832,0.269328497,0.730671503,,93.32210999,1,,1,0,,0
833,0.216287162,-0.216287162,,93.43434343,1,,0,0,,1
834,0.096831518,-0.096831518,,93.54657688,1,,0,0,,1
835,0.109857857,-0.109857857,,93.65881033,1,,0,0,,1
836,0.925060326,0.074939674,,93.77104377,1,,1,1,,1
837,0.102248555,-0.102248555,,93.88327722,1,,0,0,,1
838,0.156144665,-0.156144665,,93.99551066,1,,0,0,,1
839,0.089591358,0.910408642,,94.10774411,1,,1,0,,0
840,0.537376825,0.462623175,,94.21997755,1,,1,1,,1
841,0.104582852,-0.104582852,,94.332211,1,,0,0,,1
842,0.272593061,-0.272593061,,94.44444444,1,,0,0,,1
843,0.976195134,0.023804866,,94.55667789,1,,1,1,,1
844,0.127154203,-0.127154203,,94.66891134,1,,0,0,,1
845,0.112552723,-0.112552723,,94.78114478,1,,0,0,,1
846,0.047787007,-0.047787007,,94.89337823,1,,0,0,,1
847,-0.138460255,0.138460255,,95.00561167,1,,0,0,,1
848,0.126344198,-0.126344198,,95.11784512,1,,0,0,,1
849,0.24145331,-0.24145331,,95.23007856,1,,0,0,,1
850,1.035077484,-0.035077484,,95.34231201,1,,1,1,,1
851,-0.011531097,0.011531097,,95.45454545,1,,0,0,,1
852,-0.034572583,0.034572583,,95.5667789,1,,0,0,,1
853,0.666356599,-0.666356599,,95.67901235,1,,0,1,,0
854,0.946999092,0.053000908,,95.79124579,1,,1,1,,1
855,0.683773199,-0.683773199,,95.90347924,1,,0,1,,0
856,0.618272961,0.381727039,,96.01571268,1,,1,1,,1
857,0.875975701,0.124024299,,96.12794613,1,,1,1,,1
858,0.3445546,0.6554454,,96.24017957,1,,1,0,,0
859,0.651271063,0.348728937,,96.35241302,1,,1,1,,1
860,0.216287162,-0.216287162,,96.46464646,1,,0,0,,1
861,-0.022376946,0.022376946,,96.57687991,1,,0,0,,1
862,0.222595771,-0.222595771,,96.68911336,1,,0,0,,1
863,0.867752676,0.132247324,,96.8013468,1,,1,1,,1
864,0.377213187,-0.377213187,,96.91358025,1,,0,0,,1
865,0.2528042,-0.2528042,,97.02581369,1,,0,0,,1
866,0.722108886,0.277891114,,97.13804714,1,,1,1,,1
867,0.783997535,0.216002465,,97.25028058,1,,1,1,,1
868,0.403924627,-0.403924627,,97.36251403,1,,0,0,,1
869,0.15661996,-0.15661996,,97.47474747,1,,0,0,,1
870,0.101803785,0.898196215,,97.58698092,1,,1,0,,0
871,0.089117028,-0.089117028,,97.69921437,1,,0,0,,1
872,0.834008734,0.165991266,,97.81144781,1,,1,1,,1
873,0.383859487,-0.383859487,,97.92368126,1,,0,0,,1
874,0.035382093,-0.035382093,,98.0359147,1,,0,0,,1
875,0.784745838,0.215254162,,98.14814815,1,,1,1,,1
876,0.693318597,0.306681403,,98.26038159,1,,1,1,,1
877,0.10521247,-0.10521247,,98.37261504,1,,0,0,,1
878,0.107149322,-0.107149322,,98.48484848,1,,0,0,,1
879,0.156094119,-0.156094119,,98.59708193,1,,0,0,,1
880,0.918712482,0.081287518,,98.70931538,1,,1,1,,1
881,0.762560349,0.237439651,,98.82154882,1,,1,1,,1
882,0.071084735,-0.071084735,,98.93378227,1,,0,0,,1
883,0.615953742,-0.615953742,,99.04601571,1,,0,1,,0
884,0.241680557,-0.241680557,,99.15824916,1,,0,0,,1
885,0.091415826,-0.091415826,,99.2704826,1,,0,0,,1
886,0.560290258,-0.560290258,,99.38271605,1,,0,1,,0
887,0.245076074,-0.245076074,,99.49494949,1,,0,0,,1
888,0.943792259,0.056207741,,99.60718294,1,,1,1,,1
889,0.624216166,-0.624216166,,99.71941639,1,,0,1,,0
890,0.470498071,0.529501929,,99.83164983,1,,1,0,,0
891,0.093655186,-0.093655186,,99.94388328,1,,0,0,,1
